cycleNumber,Qchg_mAh,Echg_Wh,Qdis_mAh,Edis_Wh,eta_Q,eta_E,T_mean,T_95,frac_time_Tgt40,cycle_duration,R0_ohm,domain
0,2713.526141,10.38167437,3021.299755,11.01215266,1.0,1.0,22.8092939354883,24.949173,0.000159169357360309,4429206.863,,Cell3
1,2256.837549,8.868140907,2947.004387,10.77142822,1.0,1.0,22.516542134468192,24.270935,0.00014921883118505972,4791580.2873,,Cell3
2,2270.101371,8.921564087,2897.701783,10.6112461,1.0,1.0,22.219421746455286,24.326141,0.00013595849687224586,5185361.82893,,Cell3
3,2251.132427,8.854078322,2858.214132,10.48074089,1.0,1.0,22.732845631308102,24.373461,0.0001336679980814006,5648277.97855,,Cell3
4,2254.284563,8.863902781,2817.351086,10.33685754,1.0,1.0,22.76476324887378,24.870306,0.00018560530604962012,4013861.59618,,Cell3
5,1845.651097,7.131251728,1827.77329,6.234993927,0.9903135500371336,0.8743197077897346,29.40458442504409,42.44292024999999,0.00018564465576619547,4013010.8078,,Cell3
6,1836.272075,7.095612030000001,1829.479308,6.234673059,0.9963007840218884,0.8786660026844787,29.323677736749115,42.52218005000002,0.0001856856417656668,4012125.0244,,Cell3
7,1870.220732,7.232924454,1823.790953,6.234780077,0.9751741715800849,0.8619998890700428,29.063529857635892,41.949227899999975,0.00018069457830028392,4012262.11002,,Cell3
8,1841.884709,7.130634443,1823.374608,6.234792677,0.9899504562312973,0.8743671726322432,29.070568866094426,42.09591379999999,0.00018568439018357908,4012152.0676200003,,Cell3
9,1835.297596,7.1056345059999995,1824.360906,6.234718877,0.9940409173837331,0.8774330950649659,29.106304917891094,42.26626440000001,0.0001856904883732111,4012020.25223,,Cell3
10,1823.100098,7.06684198,1829.907049,6.234685735,1.0,0.882244962126633,29.19288850926743,42.512319599999984,0.00018572251758882492,4011328.3498,,Cell3
11,1847.070413,7.141763675,1827.253485,6.234381639,0.9892711572550105,0.8729470649979189,29.176057307420493,42.61326830000001,0.00018822617122662072,4011100.0244,,Cell3
12,1837.947697,7.107001621999999,1825.556552,6.233976642,0.9932581623404052,0.8771598732582927,29.373525862867318,42.772575,0.00019322498209934795,4010837.9961,,Cell3
13,1857.737386,7.187856655999999,1820.394916,6.23416956,0.9798989511211785,0.8673196835103942,29.226822059574474,42.18897529999999,0.00019069775041813272,4011552.3037,,Cell3
14,1832.766678,7.095441367,1823.64165,6.234193696,0.9950211731206519,0.8786195774930149,29.20884344453925,42.148360000000004,0.00018571313694026482,4011530.9680000003,,Cell3
15,1807.876001,6.992310837,1829.798455,6.234152439,1.0,0.8915725551003562,29.56380749822695,43.02730699999998,0.00019572117107778705,4010777.6572,,Cell3
16,1841.621151,7.115488105,1827.839755,6.234197735,0.992516704104687,0.8761447764376525,29.56101465198238,42.96421699999999,0.00019575435915267656,4010097.6723999996,,Cell3
17,1868.741583,7.227459193,1821.2469,6.233958155,0.9745846705440385,0.8625379941318474,29.260252474271017,42.49063375,0.0001907534519570014,4010386.1406,,Cell3
18,1812.046496,7.024207391,1831.270726,6.233634662,1.0,0.8874502580870622,29.56996038137869,43.2315656,0.0001957782205100894,4009608.4128,,Cell3
19,1882.089591,7.275953111,1825.325132,6.234014333,0.969839661580701,0.8567969361395739,29.215692981018123,42.503646099999976,0.0001932536228381573,4010243.0609999998,,Cell3
20,1838.521612,7.117477149,1827.081462,6.233891432,0.9937775275931867,0.8758568944441019,29.014494182363013,42.22840949999998,0.00019076300147506973,4010180.1402000003,,Cell3
21,1832.194544,7.091262247,1829.487783,6.233879984,0.9985226672523047,0.8790931384094952,29.044760768965517,42.59158125,0.0001932695933613142,4009912.1983999996,,Cell3
22,1849.477472,7.157702481,1833.311086,6.233891092,0.9912589440829912,0.8709346481706607,29.11754556672598,42.96539779999999,0.00019327595405352698,4009780.2326,,Cell3
23,1849.346308,7.161748278,1837.628831,6.2336745669999996,0.9936639898382948,0.8704124083988085,28.59518054275742,42.63061825,0.00019077594109635887,4009908.6687999996,,Cell3
24,1851.197184,7.164146977,1828.293018,6.233353031,0.9876273763821801,0.8700760957322276,29.155683739092492,42.8534115,0.00019575330584739362,4010118.739,,Cell3
25,1817.154802,7.05720725,1829.429802,6.233728099,1.0,0.8833137356140419,29.683990672173913,43.104595999999994,0.00020323907636713657,4010026.0961999996,,Cell3
26,1856.31656,7.1729873280000005,1825.550656,6.23368942,0.9834263699075119,0.8690506667517146,29.701793190846285,43.10301854999999,0.0002032640251540478,4009534.3944,,Cell3
27,1827.539388,7.064414408,1832.612697,6.233537363,1.0,0.8823855740881955,29.564589339805824,43.28046119999998,0.00020080608069929318,4008813.3646000004,,Cell3
28,1842.735712,7.119781285,1833.112517,6.233571925,0.9947777671332176,0.8755285696953821,29.376774094947734,42.95159789999996,0.00019335601283552534,4008119.9887999995,,Cell3
29,1872.297538,7.240102535,1827.644343,6.233332362,0.9761505881978038,0.8609453156038762,29.29739222774869,42.89875825,0.00019584374535474888,4008267.4,,Cell3
30,1841.818643,7.129419756,1829.633862,6.233120491,0.9933843752498056,0.8742815971460105,29.198540606643355,43.00601269999999,0.0001958324524761373,4008498.0302,,Cell3
31,1831.438314,7.086862239999999,1834.126831,6.233549415,1.0,0.8795922940079615,29.07719448440208,42.860508599999996,0.00019581930186380117,4008767.2284000004,,Cell3
32,1839.037802,7.111519173,1836.041849,6.233398439,0.9983709127693069,0.8765213574430168,29.15965589903424,43.256805299999996,0.000198341559527079,4008207.3666,,Cell3
33,1842.971353,7.123631417,1838.950185,6.233383198,0.9978181060744898,0.87502887686251,29.064538232189975,42.99339700000002,0.00019837502882048973,4007531.1128000002,,Cell3
34,1873.480448,7.245535015,1834.761231,6.23335912,0.9793330018248474,0.8603034982365619,28.853738479310344,42.7445768,0.00019837290015566988,4007573.6119999997,,Cell3
35,1831.104931,7.083100665,1837.231775,6.233095322,1.0,0.8799953038645681,29.227086417475732,43.37983239999998,0.0002008921964791448,4007094.9201,,Cell3
36,1842.174647,7.119577868,1837.601739,6.232893301,0.9975176577272697,0.8754582668467837,29.673061111721612,44.03243680000001,0.0002058985880947299,4006797.7524,,Cell3
37,1857.89615,7.186980772999999,1837.723734,6.233270805,0.9891423339243154,0.8673003312346556,29.300158946302822,43.281253,0.00019841727655396866,4006677.3105999995,,Cell3
38,1848.129238,7.139748806999999,1838.692501,6.233113598,0.9948938976744872,0.8730158114090638,29.21669275153106,43.16453209999995,0.0001984547378802556,4005920.9898,,Cell3
39,1849.338527,7.1437862260000005,1839.165731,6.233144896,0.9944992245327293,0.872526794448902,29.220235092920355,43.31161354999998,0.00020098669101796952,4005210.474,,Cell3
40,1850.806986,7.149357779,1839.73634,6.233222447,0.9940184762194322,0.8718576744486073,29.162760686948847,43.335666549999985,0.00020102177024926935,4004511.5461999997,,Cell3
41,1851.484668,7.151986053,1840.132435,6.233037384,0.9938685784461488,0.871511400862627,29.13292569806338,43.492213,0.0002010565814890933,4003818.6964,,Cell3
42,1849.683933,7.144669233,1841.617248,6.233237998,0.995638884646137,0.8724319901626438,29.18143746317657,43.503649700000004,0.0002010956090030818,4003041.6576,,Cell3
43,1854.327755,7.162445408,1842.43154,6.233114713,0.9935846211825697,0.8702495248393801,29.116062823943665,43.316741750000006,0.00019863519968391752,4002281.5758,,Cell3
44,1854.013777,7.161509317,1843.646335,6.233235013,0.99440810951428,0.8703800745191433,29.078942312499997,43.458698749999996,0.00020366845870823058,4001571.9919,,Cell3
45,1854.56314,7.163438822,1844.238129,6.233002695,0.9944326451996669,0.8701132025944731,29.085561727753305,43.43346119999999,0.00020120738336697316,4000817.3981,,Cell3
46,1854.30957,7.161836310999999,1845.390957,6.232557073,0.9951903322162114,0.8702456747618342,29.34077863157895,43.92005675,0.00020124786067094117,4000012.7073,,Cell3
47,1857.92001,7.175663573,1845.698891,6.232732764,0.9934221500741574,0.8685932249460547,29.123754993821713,43.55175779999998,0.00020127418069868782,3999489.6375,,Cell3
48,1859.369042,7.18178764,1844.142828,6.23271813,0.9918110855585601,0.8678505188994979,29.233357734767026,43.774155,0.000206312922153651,3998750.9817,,Cell3
49,1855.649828,7.1678039909999995,1843.479916,6.232647978,0.9934416979882909,0.8695338189807932,29.20589650818182,43.948445199999995,0.0002038475150116391,3998057.0768999998,,Cell3
50,2594.498135,9.92804513,1843.479916,6.23436939,0.710534299921553,0.6279553838007181,28.107511513807534,41.63929229999999,0.00017885430764178487,3997633.6574,,Cell3
51,1851.552767,7.170136524,1835.326556,6.234169246,0.991236430692553,0.869463116236753,28.588510360641138,42.443709199999965,0.0001838809527833082,3997118.7275000005,,Cell3
52,1839.427383,7.120823266,1838.155505,6.234075603,0.9993085467728954,0.8754711878282417,28.63287643867502,42.381408000000015,0.0001813739325788154,3997239.2377000004,,Cell3
53,1852.580691,7.169577521,1838.691712,6.233856918,0.9925029019964022,0.8694873442320368,28.648775342727273,42.670839499999985,0.00018385263399419552,3997734.403,,Cell3
54,1832.745856,7.088745485,1843.918005,6.233973632,1.0,0.8794184591887629,28.703394354071364,42.75364599999999,0.00018383462765667106,3998126.5193000003,,Cell3
55,1854.117476,7.166558968,1843.041231,6.234171689,0.9940261363460662,0.8698974942977125,28.702270775583482,42.780854649999974,0.00018632791521209087,3998295.1516000004,,Cell3
56,1883.72401,7.2860499590000005,1833.042989,6.234197059,0.9730953044443066,0.8556346846482006,28.577543821678322,42.27848689999999,0.00018381073391219346,3998645.6958,,Cell3
57,1844.617794,7.140692201,1839.768964,6.234161153,0.9973713633166872,0.8730471749121118,28.414351895759715,42.39836145,0.00018131102186654164,3998621.223,,Cell3
58,1848.555707,7.154916654,1841.39009,6.23403332,0.9961236672647378,0.871293632262624,28.423846389435994,42.65269980000001,0.00018381469115676547,3998560.1552,,Cell3
59,1842.244282,7.126764474000001,1841.736296,6.233960291,0.9997242569810294,0.8747251734981356,28.500408473967685,43.072262,0.0001888326985254806,3998216.9714,,Cell3
60,1871.515163,7.239616679,1835.99656,6.233662855,0.9810214719590813,0.861048744898611,28.532746431978797,42.6223395,0.00018882572615314827,3998364.0756,,Cell3
61,1851.090599,7.165491810000001,1836.910412,6.233723614,0.9923395499887144,0.8699645159457657,28.612373804597702,42.918474,0.00019380660109666794,3998800.8438,,Cell3
62,1839.639935,7.119092889,1840.74081,6.234145222,1.0,0.8756937603149738,28.583359557793347,42.71224150000001,0.00019129329768132974,3999063.2671000003,,Cell3
63,1826.624087,7.059611974999999,1847.469458,6.233851215,1.0,0.8830302907689201,28.891740504562044,43.51192925,0.00019383974835591035,3998117.0352,,Cell3
64,1866.423551,7.208329198,1846.065945,6.233675361,0.989092719072746,0.8647878294361994,28.658218328853046,43.036771,0.00019387113399032865,3997469.7834,,Cell3
65,1853.739794,7.160494918,1847.756253,6.233751451,0.9967721785876491,0.8705755010494652,28.639588075675675,43.28440534999999,0.0001914032946582762,3996765.0576,,Cell3
66,1864.837518,7.203386159,1846.461917,6.233528105,0.9901462723574398,0.8653608132908095,28.571431961469532,43.123520750000004,0.000188931398025165,3996127.7368000005,,Cell3
67,1851.536561,7.1523187649999995,1847.94327,6.233178816,0.9980592924408367,0.871490634128637,28.683324747714806,43.498917449999986,0.00019397209022205917,3995389.229,,Cell3
68,1889.878552,7.305039904,1851.594069,6.233314701,0.9797423580687317,0.8532896168831113,28.21681197591436,42.812004,0.00018644600489581612,3995762.7433,,Cell3
69,1847.38142,7.14624942,1861.596859,6.233242507,1.0,0.8722397079445906,27.996059176050043,43.286772899999995,0.0001889696780761337,3995318.2314,,Cell3
70,1894.984092,7.327551016999999,1840.822756,6.233175484,0.971418580119669,0.8506492100210513,28.211983306550216,42.982354199999996,0.00018895744098456862,3995576.9726,,Cell3
71,1827.301196,7.064769347,1844.1991,6.23312477,1.0,0.8822828409319333,28.879570506493508,43.9997082,0.00019399408046262952,3994936.3307999996,,Cell3
72,1879.126365,7.267822654,1843.636522,6.23314848,0.98111364745819,0.8576362931158557,28.660567188057044,43.31910505000001,0.00019401945947695467,3994413.767,,Cell3
73,1867.758105,7.218897265,1840.971231,6.232904614,0.985658274522653,0.863415059834627,28.76692898930481,43.46697940000003,0.0001940340952036854,3994112.9892,,Cell3
74,1836.246938,7.0962465,1846.161688,6.232943341,1.0,0.8783436907102932,28.905828636609556,43.498131,0.00019906037333637452,3993733.0905,,Cell3
75,1874.490661,7.243207749,1842.432654,6.233172606,0.9828977504839113,0.860554166330595,28.71215835092348,42.980777600000025,0.00019404600480025125,3993867.3347,,Cell3
76,1868.434974,7.2270461280000005,1839.353049,6.233054048,0.9844351420281218,0.8624621923818997,28.557052812880762,42.99654919999999,0.00019654918984958716,3993880.6189,,Cell3
77,1854.878752,7.178602933,1839.210003,6.233059875,0.9915526829001057,0.8682831371472932,28.69114546403509,43.38022725,0.00019904739289442863,3993993.5330999997,,Cell3
78,1840.217239,7.1193255230000005,1840.444899,6.232983973,1.0,0.875502033565322,28.93975649955317,43.7276255,0.00019905830741764996,3993774.5393000003,,Cell3
79,1865.615595,7.217496578,1836.288626,6.232888159,0.984280272378405,0.8635803414162698,28.860982449468082,43.47210504999998,0.00019904908409634962,3993959.5985000003,,Cell3
80,1849.349571,7.1566081409999995,1835.845096,6.23248827,0.9926977164232408,0.8708718078742158,28.89247958896797,43.43661324999998,0.0001965395147477765,3994077.2266999995,,Cell3
81,1847.236652,7.14791083,1833.983524,6.232390844,0.9928254303607223,0.871917822175742,28.881350265251985,43.4429225,0.00020152268851164729,3994558.1608999996,,Cell3
82,1840.681362,7.1210267940000005,1839.605501,6.232429974,0.9994155093748377,0.8752150714067374,28.58808276017699,43.35696069999999,0.00019649877153025483,3994905.8912,,Cell3
83,1840.044801,7.113533152,1842.781772,6.23251796,1.0,0.8761494220699177,28.573116250221826,43.55333450000001,0.00019902164900635627,3994510.6674,,Cell3
84,1855.345653,7.169409752999999,1843.628204,6.232745955,0.9936844927083783,0.8693527319165909,28.819080654320988,43.66650575,0.00020154991596223618,3994018.5346,,Cell3
85,1876.714201,7.2570774369999995,1839.145725,6.232862792,0.9799817809339421,0.858866788470787,28.79478874956822,43.33014979999999,0.00020154431904526377,3994134.4108000007,,Cell3
86,1851.606702,7.1653172419999995,1840.160213,6.232774672,0.9938180775714216,0.8698532753673713,28.762197310822508,43.30806419999999,0.00020154386985246338,3994137.8548999997,,Cell3
87,1850.128433,7.158292486,1841.293754,6.232735322,0.9952248293456717,0.8707014045863339,29.07855702068345,43.84000605000001,0.00020405297268977096,3994031.4971000003,,Cell3
88,1878.319251,7.262331817,1845.483416,6.232698027,0.9825185015899089,0.858222700925096,28.915957465136806,43.821473799999985,0.00020407077309006198,3993683.1113,,Cell3
89,1853.148589,7.162037708000001,1850.637826,6.232773605,0.998645136706844,0.8702514366879119,28.943878357333332,43.851441999999984,0.00020409729735752742,3993164.0965,,Cell3
90,1872.574482,7.2387910159999995,1848.578965,6.23269969,0.9871858143797988,0.861013900832857,28.766150357142855,43.52218354999999,0.00020410777046180585,3992959.2007,,Cell3
91,1839.165776,7.106370500000001,1849.743849,6.232642658,1.0,0.8770500578319128,29.084749985865724,43.757198800000005,0.00020414614551319746,3992208.6109000007,,Cell3
92,1894.695357,7.3224335709999995,1838.943636,6.231948771,0.9705748363218266,0.8510761771443321,29.40694566515014,44.374314399999996,0.00021165246862706893,3992365.4351,,Cell3
93,1863.916484,7.2124699020000005,1852.405233,6.232447967,0.9938241594519853,0.8641211750875739,29.15584687878788,43.71027300000001,0.0002041207647137742,3992705.0104,,Cell3
94,1897.636567,7.333699052,1839.356244,6.232289208,0.9692879426896078,0.8498152383687424,29.120936137444936,43.759958699999984,0.00020660282722660775,3993139.9345999993,,Cell3
95,1847.499482,7.147691565,1840.361494,6.232590621,0.9961364059532657,0.8719725192842733,29.12709321180556,43.74063880000001,0.00020908642250175085,3993535.2568999995,,Cell3
96,1839.438732,7.111994845000001,1845.048834,6.232768708,1.0,0.8763741880918081,29.484902894454383,44.35656779999996,0.00021662476782706262,3993052.6350999996,,Cell3
97,1876.260288,7.2585601330000005,1844.52259,6.232763622,0.9830845974820313,0.8586776864551464,29.0771846926407,43.4807784,0.000206621760374348,3992778.8753000004,,Cell3
98,1837.805517,7.1013427049999995,1850.571049,6.232740526,1.0,0.8776847963711956,29.1371401340388,43.91335334999999,0.0002041559001218468,3992017.8624,,Cell3
99,1867.717166,7.212758689999999,1849.05099,6.232642565,0.9900058872190074,0.8641135566674559,29.24627227232143,44.261144699999996,0.00020919531333511853,3991456.5326,,Cell3
100,2543.317217,9.738801994,1849.05099,6.233973011,0.7270233448036302,0.6401170302918883,28.410971338271608,42.24891219999999,0.00019418833443476477,3990940.5591,,Cell3
101,1853.499314,7.177213833,1838.259775,6.233764704,0.9917779635067079,0.8685493910377688,28.900727847173144,42.86918255000002,0.00019420368176023846,3990624.6522999997,,Cell3
102,1831.710826,7.087114506,1841.773438,6.234111296,1.0,0.8796402669552127,29.27988921557971,43.56556014999997,0.0002017194416467143,3990661.4524999997,,Cell3
103,1873.15699,7.248109129,1846.03611,6.234045081,0.9855212989916025,0.8600926076095231,29.05027120070734,43.178726,0.00020175239048079194,3990009.7246999997,,Cell3
104,1868.593817,7.223038282999999,1844.551233,6.233966605,0.987133327863302,0.8630670862803179,28.919717228671942,43.2489168,0.00020177041120463568,3989653.3649,,Cell3
105,1845.513659,7.133466262,1849.218559,6.233996361,1.0,0.8739084383434349,29.06419386318632,43.4941865,0.00020180423293125196,3988984.7121,,Cell3
106,1888.293785,7.302385492,1844.892083,6.233870804,0.9770153869356721,0.8536759406675268,28.781504746690207,43.20790579999993,0.00019678694882815635,3989055.1922999998,,Cell3
107,1857.514659,7.189148865,1847.008332,6.233527253,0.9943438793610081,0.8670744437283259,28.60841352858399,43.1763618,0.00019678423847232878,3989110.1344999997,,Cell3
108,1858.503145,7.192025329,1849.380284,6.233300061,0.9950912856808752,0.8666960662479614,28.600169126110124,43.358145,0.0001967731503128909,3989334.9206999997,,Cell3
109,1839.642473,7.113348638000001,1855.597137,6.233491546,1.0,0.8763090160800296,28.653303447204966,43.425571600000005,0.00019427251889519797,3989210.6429000003,,Cell3
110,1873.370237,7.238753763,1851.359334,6.233285181,0.9882506391073832,0.861099214737856,28.930171823529406,43.85302139999998,0.0001993072482987163,3988786.1920999996,,Cell3
111,1873.787758,7.243582041,1845.368082,6.233205498,0.9848330335820243,0.8605142404295163,28.776920681539803,43.164532099999974,0.00019680752062779924,3988638.2263,,Cell3
112,1869.167407,7.230816154,1842.212161,6.233212638,0.9855790091893037,0.8620344516091537,28.705967053182217,43.15033760000001,0.000199307562471391,3988779.9045,,Cell3
113,1854.947961,7.178083765999999,1843.275013,6.233253965,0.9937071291241468,0.8683729764376228,28.680426242132867,43.329753999999994,0.00020431680337292335,3988874.0746999998,,Cell3
114,1857.338447,7.187183597,1846.026329,6.23301793,0.9939095009752953,0.8672406716591632,28.66294330008826,43.433459199999945,0.0001992951036466945,3989029.2609000006,,Cell3
115,1832.04087,7.085013104,1854.502571,6.232697979,1.0,0.8797016868580234,28.910595331506848,44.015481299999976,0.0002043404410154612,3988413.1401,,Cell3
116,1873.447962,7.237876091,1853.159909,6.232342765,0.989170741108634,0.861073426325944,29.09501818224299,44.663748949999984,0.0002093528494039205,3988453.4764,,Cell3
117,1868.917267,7.2230284309999995,1853.207445,6.232939481,0.9915941586728354,0.8629260621831824,28.814284581605047,44.097501599999966,0.0002017931445834435,3989204.3987000003,,Cell3
118,1881.912262,7.277817203,1848.687154,6.232616866,0.9823450281551968,0.8563854645086227,28.76011855615942,43.91571894999999,0.00020429593389223542,3989281.5509,,Cell3
119,1862.673613,7.20740106,1848.058068,6.232952964,0.9921534589323675,0.8647989631924271,28.67802322788204,43.74182109999999,0.00019924916892304832,3989948.8881,,Cell3
120,1862.115242,7.204876398,1847.677198,6.232971459,0.9922464283228288,0.8651045645599429,28.542550469763366,43.490242,0.00020175068022570614,3990043.5483,,Cell3
121,1812.880347,7.002573588,1860.39383,6.232923444,1.0,0.8900903882939674,29.103069033395176,44.460673899999996,0.00020681759382004908,3988993.3189999997,,Cell3
122,1909.7652,7.373372614999999,1849.498422,6.232888459,0.9684428337054208,0.8453239493580104,28.612104177348552,43.642449299999996,0.00019679197996822506,3988953.209,,Cell3
123,1855.434106,7.1722522159999995,1850.640204,6.232485693,0.9974162908914428,0.8689719080286176,28.75511464732143,43.89442264999998,0.00020182372992191567,3988599.3600000003,,Cell3
124,1865.46384,7.209634223,1849.992,6.232329017,0.9917061699786152,0.8644445507537366,28.797069044563276,43.8120098,0.00020182105442414976,3988652.2360000005,,Cell3
125,1877.954287,7.262242803,1846.683124,6.232287325,0.9833482831736254,0.8581766671895725,28.67296285165326,44.01547929999999,0.00020429789237597583,3989243.3079999997,,Cell3
126,1869.523057,7.234029049,1848.171361,6.232349031,0.9885790678429701,0.8615322096144378,28.46245695143105,43.42241859999996,0.00020428962926475843,3989404.665,,Cell3
127,1859.80734,7.195378436,1848.987863,6.232579333,0.994182474298655,0.8661920131701604,28.556856239965096,43.573049499999996,0.00019927291791946373,3989473.3729999997,,Cell3
128,1858.884452,7.190234194,1851.272632,6.232369526,0.9959051677516532,0.866782549475328,28.848974448979593,44.126680500000006,0.0002067976599747759,3989377.83,,Cell3
129,1856.620892,7.178520424,1853.163897,6.23238696,0.9981380178285746,0.8681993770141289,28.96097369658887,44.381414099999986,0.00021182574984595886,3989099.534,,Cell3
130,1832.842813,7.084815303,1863.595077,6.232323606,1.0,0.8796734056512354,29.20053414562212,44.777312599999995,0.0002168971015010919,3988038.54,,Cell3
131,1902.976993,7.344571961000001,1855.302772,6.232265089,0.9749475578657193,0.8485538874278312,28.69179450044053,44.00207169999999,0.0002043758455553602,3987721.728,,Cell3
132,1862.274385,7.193959686,1855.741111,6.232299895,0.9964917769085891,0.866323994993819,28.759509293072824,44.221712249999996,0.00020691317655998826,3987150.6190000004,,Cell3
133,1893.99255,7.320560958,1845.620116,6.23232499,0.9744600716618448,0.8513452761006297,28.789247781195083,43.93661419999995,0.00020439383505704012,3987370.753,,Cell3
134,1857.987223,7.188326264,1848.48974,6.232231517,0.9948882947727353,0.8669934123902755,28.724187779424582,43.90191490000002,0.00020438757226505855,3987492.933,,Cell3
135,1861.22584,7.200843923,1848.181753,6.231460554,0.9929916688670086,0.8653792000818513,28.845020586666664,44.27258139999999,0.00020940087486686983,3987538.259,,Cell3
136,1840.10266,7.131781544,1853.565597,6.232230029,1.0,0.8738672084317002,29.148470024412294,44.59434575,0.00021440147168843833,3987817.7759999996,,Cell3
137,1874.099735,7.249225529,1849.79356,6.231998632,0.9870304794637837,0.8596778520780382,29.08910505379188,44.15309914999995,0.00021191710843738561,3987379.8120000004,,Cell3
138,1877.520727,7.258206836,1846.35451,6.232329657,0.9834003339873647,0.8586596934780435,29.018010468669527,44.03914019999999,0.00020938544896558224,3987832.03,,Cell3
139,1862.418024,7.204621769,1846.084309,6.232495703,0.9912298341245005,0.8650691046429587,29.001220715996574,43.67005339999997,0.0002118937371952746,3987819.608,,Cell3
140,1844.052558,7.130153208,1851.167866,6.232385777,1.0,0.8740886198640572,29.07524311692844,44.0955295,0.00020690315509260934,3987348.5719999997,,Cell3
141,1870.476013,7.230098839999999,1850.289007,6.23185654,0.9892075568680389,0.8619324130844109,29.310075212785392,44.903496699999984,0.0002169430063714589,3987194.676,,Cell3
142,1858.213184,7.188645318,1854.99884,6.2318164639999996,0.9982701963221029,0.8668971952748663,29.156368649595688,44.670058599999976,0.00021190839636154592,3987543.743,,Cell3
143,1891.099395,7.308644397,1849.148605,6.231800335,0.9778167186183253,0.8526615876342246,29.032976186046515,44.54624054999999,0.00021689050527606027,3988159.8269999996,,Cell3
144,1838.494566,7.1072063750000005,1861.134573,6.232365594,1.0,0.8769079248806814,29.02815513200723,44.86248625,0.00021440003700283432,3987844.461,,Cell3
145,1896.054248,7.32842754,1852.64798,6.231277656,0.9771070537429054,0.8502884994070637,29.041728578707918,44.76863809999994,0.00021690627054309934,3987869.9580000006,,Cell3
146,1867.272615,7.223493943,1853.330086,6.231986906,0.9925332118684769,0.8627385798584589,28.846628943512798,44.338824999999964,0.00021434371091192327,3988897.0679999995,,Cell3
147,1866.883207,7.221043694,1855.904873,6.231854762,0.9941194318108192,0.8630130249977686,28.990835849644128,44.54308569999996,0.0002193562773475895,3988917.0739999996,,Cell3
148,1866.73042,7.223027943,1860.165797,6.23210632,0.9964833577844625,0.8628107725984467,28.904696436731104,44.35262704999997,0.0002118465709394196,3988707.4699999997,,Cell3
149,1874.484384,7.240664007,1857.48529,6.232488959,0.9909313226906029,0.8607620727843006,29.26335336856128,44.71067225,0.00021939084161100845,3988288.6339999996,,Cell3
150,2480.66904,9.501197418,1857.48529,6.233399246,0.7487840014321298,0.6560645960466874,28.66683610815451,43.7993902,0.00020936882507339627,3988148.664,,Cell3
151,1838.485489,7.129057671,1865.089332,6.233701101,1.0,0.8744074446694149,29.315705057586836,44.3948205,0.0002119336851540374,3987067.9329999997,,Cell3
152,1913.287922,7.392630512,1853.780849,6.233426106,0.9688980041551739,0.8431945970898538,28.95380469183494,43.61958079999999,0.00020692435794150108,3986935.1689999998,,Cell3
153,1843.036606,7.1244612190000005,1866.389411,6.233585791,1.0,0.874955396539439,29.007710391459074,44.106175699999994,0.00021195677693847798,3986633.5589999994,,Cell3
154,1873.703296,7.235595849,1867.128263,6.233696794,0.9964908889181995,0.8615319213636748,29.10201454651163,44.22013519999994,0.00020949200519510984,3985803.6550000003,,Cell3
155,1914.824225,7.401457598,1854.702282,6.233068329,0.9686018475142281,0.8421406522256212,29.26891747670251,44.29663475,0.00021450266374850878,3985936.5149999997,,Cell3
156,1874.731727,7.252053785,1851.985413,6.233393982,0.9878668965418326,0.859534990610939,29.107080469580122,43.6645333,0.00021196352758970875,3986506.592,,Cell3
157,1865.740123,7.2194057009999995,1851.373925,6.233521068,0.992300000507627,0.8634396411794063,29.07590004901118,43.55806559999995,0.000211959005663456,3986591.6399999997,,Cell3
158,1848.791426,7.150107618,1856.181114,6.233466151,1.0,0.871800325817138,29.215754289703312,43.93385775,0.00021449154558022136,3986143.1259999997,,Cell3
159,1846.307815,7.131115089,1863.520957,6.233412425,1.0,0.8741146857404197,29.364122888193204,44.491821,0.00021955907709282445,3985232.6380000003,,Cell3
160,1889.200978,7.294120781999999,1859.401837,6.232615779,0.9842265903167449,0.8544711508452781,29.50264176894977,44.9736848,0.0002220854517330221,3984925.591,,Cell3
161,1860.385202,7.19738584,1865.362045,6.233101727,1.0,0.8660230069032954,29.314749158362986,44.29741949999999,0.00021959874180460946,3984512.8110000007,,Cell3
162,1908.393841,7.367040926,1856.602995,6.23300705,0.9728615525331702,0.8460665703650797,29.26263038413547,44.655071100000015,0.00021711025974227496,3984123.0949999997,,Cell3
163,1884.67503,7.287694127,1852.725849,6.232947315,0.9830479098563745,0.855270159035312,29.120442799118948,44.20554379999998,0.000212082084976513,3984278.0689999997,,Cell3
164,1835.406004,7.09458319,1863.420429,6.233021067,1.0,0.8785605722103035,29.53391310478771,44.86800820000001,0.0002246910347952209,3983220.785,,Cell3
165,1923.800019,7.4293066329999995,1845.329994,6.233001273,0.9592109240955361,0.8389748304793117,29.45393495836947,44.30097,0.00021965759353273723,3983445.261,,Cell3
166,1859.30789,7.19371596,1847.12202,6.232787272,0.9934460182385393,0.8664210967818086,29.532651613379667,44.46422,0.0002246697638146927,3983597.903,,Cell3
167,1862.677129,7.206711084999999,1847.127598,6.232387972,0.9916520524368344,0.8648033615461637,29.510299680137575,44.00286349999999,0.00021964874427116542,3983605.747,,Cell3
168,1830.500841,7.074683796,1855.434871,6.232900438,1.0,0.8810147022435205,29.708204566458523,44.696873,0.00022719753699887473,3983291.421,,Cell3
169,1861.734889,7.185908948,1857.245209,6.232495804,0.9975884428945672,0.8673218446129413,29.601661969991174,44.638511799999996,0.00022473247422727236,3982486.3010000004,,Cell3
170,1894.191284,7.316260696,1851.451888,6.232747945,0.977436599798017,0.8519034796569802,29.31876990995671,44.29150719999999,0.00021970757580396378,3982539.0490000006,,Cell3
171,1854.999451,7.1693864839999994,1854.434829,6.232228225,0.9996956214732595,0.8692833395031129,29.724822143119265,45.33922509999998,0.00022978015493353628,3982041.0089999996,,Cell3
172,1860.563787,7.186843819,1856.735546,6.23217839,0.9979424295868013,0.8671648566403889,29.566920622161668,44.933468,0.00022473518674639777,3982438.233,,Cell3
173,1893.75904,7.318881778,1851.427732,6.23266618,0.9776469407639106,0.8515872190660216,29.248721565179352,44.57068829999996,0.00022218231611101266,3983188.291,,Cell3
174,1863.822706,7.209710508,1852.467546,6.232847842,0.993907596487882,0.8645073661534595,29.310698780725023,44.55097,0.00021967198879416423,3983184.223,,Cell3
175,1853.792143,7.1678009220000005,1854.428309,6.232493103,1.0,0.8695125842391525,29.38774206902655,44.710277449999985,0.00022470111368654472,3983042.119,,Cell3
176,1865.550883,7.209671957,1856.308191,6.232735351,0.9950455964057454,0.8644963859900068,29.37078048674912,44.707122550000015,0.00022472004548629095,3982711.0129999993,,Cell3
177,1841.12859,7.107428881,1860.638847,6.232084798,1.0,0.8768409649036346,29.93295321703297,45.644823850000016,0.0002323090768902914,3981738.5199999996,,Cell3
178,1912.727756,7.387409068,1854.135114,6.232303165,0.9693669724736299,0.8436385622662259,29.375791795296166,44.55649339999995,0.00022222117290708347,3982491.8049999997,,Cell3
179,1869.962257,7.2332823180000005,1861.846566,6.232141916,0.9956599706921251,0.8615925166492304,29.15741362239583,44.26114380000003,0.00021971333480225896,3982434.6609999994,,Cell3
180,1873.470258,7.246316806,1869.021241,6.231594825,0.9976252534669274,0.859967207042369,29.072983706090028,44.89876739999999,0.00022220295719279262,3982818.2810000004,,Cell3
181,1849.079737,7.146241363000001,1819.517981,6.232398803,0.9840127197283759,0.8721226287245959,20.57688297520558,28.84311125,0.00017305337296745978,4191331.1920000003,,Cell3
182,1824.064377,7.06114956,1822.314518,6.232279766,0.9990406813366544,0.8826154598543867,29.192863228047184,43.147179799999996,0.0002706933051245739,1994862.783,,Cell3
183,1844.337846,7.139561163,1821.242778,6.232172009,0.9874778538812244,0.8729068729458548,29.038011241914617,42.8593264,0.00026567385475950126,1994912.1469999999,,Cell3
184,1834.890649,7.105336931,1822.178547,6.231817557,0.9930720111266969,0.8770615127075949,29.193521930481282,43.56753135,0.00027570376083491387,1994883.9230000002,,Cell3
185,1834.069858,7.10188892,1823.629781,6.232041985,0.9943076993744477,0.8775189326672825,29.087288463768115,43.427152500000005,0.0002705882469962525,1995637.3050000002,,Cell3
186,1818.543845,7.046605625,1833.021065,6.232465152,1.0,0.8844634542748374,29.39086753396739,43.718951499999996,0.00028069650694199157,1995023.0450000002,,Cell3
187,1844.787586,7.124381790999999,1832.886251,6.232677409,0.9935486691853747,0.8748376479308758,29.356780337819647,43.5549129,0.00027579692895763773,1994206.3969999999,,Cell3
188,1884.443769,7.287417821,1824.134657,6.23169926,0.9679963323967987,0.8551313253978992,29.05421524637681,43.309642100000005,0.0002657572393323763,1994286.2190000003,,Cell3
189,1835.628929,7.108693416,1829.717372,6.231401761,0.9967795468318206,0.8765889026771891,28.893532152702708,43.83961339999999,0.0002707183472762526,1994678.253,,Cell3
190,1844.636833,7.143918256,1828.131355,6.232281096,0.9910521801881422,0.8723897548471613,28.603845399484538,42.798204750000004,0.0002655831307618424,1995593.6150000002,,Cell3
191,1828.850303,7.0782573079999995,1826.012246,6.231775064,0.9984481742462221,0.8804109250106962,29.256283959048876,43.68898159999999,0.00027566595528747323,1995153.8790000002,,Cell3
192,1847.857903,7.150343344,1822.906789,6.232132261,0.9864972766793961,0.8715850360150202,29.172179305912593,43.2642974,0.0002706200688044708,1995402.6410000003,,Cell3
193,1831.602667,7.0890289840000005,1825.096507,6.2320539,0.9964478322087963,0.8791124869239214,29.137303833333334,43.27967459999999,0.0002706718876029394,1995020.6309999998,,Cell3
194,1847.171808,7.150172347,1823.899914,6.232130141,0.9874013376020516,0.8716055835513974,29.042532901041668,43.308854999999994,0.00027068134824310546,1994954.597,,Cell3
195,1825.016842,7.063779218,1827.229005,6.232113254,1.0,0.8822633128339091,29.025137217847767,43.38890194999998,0.00027071567781994995,1994697.922,,Cell3
196,1819.975694,7.036682711,1832.283996,6.231162332,1.0,0.8855255505920736,29.458078840940527,44.24182269999999,0.00028086572200921136,1993821.09,,Cell3
197,1876.867646,7.259739521,1824.720986,6.231613934,0.9722161229050246,0.858379824231162,28.835702465359475,43.190559,0.0002707217050382073,1994653.513,,Cell3
198,1810.980767,7.006508641,1831.455621,6.231600885,1.0,0.8894017269220977,29.11798122024624,43.7741545,0.00027079452055418356,1994117.159,,Cell3
199,1839.06195,7.107109865,1832.080224,6.231440656,0.9962036482784062,0.8767896900943715,29.235977355281207,43.98866660000001,0.0002808707822221958,1993785.169,,Cell3
200,2476.194366,9.501427459,1832.080224,6.233241806,0.7398773897379911,0.6560321417910432,28.633206675276753,42.341972,0.0002606894021265898,1994695.587,,Cell3
201,1815.154992,7.024130881,1826.293929,6.233582433,1.0,0.8874524889423113,29.183096014686242,43.138506400000004,0.0002608838539534576,1993208.825,,Cell3
202,1841.954699,7.124079109999999,1826.895103,6.233606341,0.9918241224889105,0.8750052104629141,29.0947340493992,43.209484200000006,0.00026096733668394924,1992571.2030000002,,Cell3
203,1863.765262,7.214700086000001,1822.336915,6.23303742,0.9777716926886258,0.8639357624989984,28.810985490092474,42.957118,0.00025593948529787573,1992642.907,,Cell3
204,1800.354686,6.978242344,1833.348491,6.23267668,1.0,0.8931585308668667,29.239561471988793,43.70396595,0.00026106272244923043,1991846.9979999997,,Cell3
205,1890.925588,7.313128426,1823.168719,6.232895796,0.9641673530518642,0.8522885737710414,28.63640137989556,42.709484,0.00025094914569539204,1992419.614,,Cell3
206,1817.569135,7.035304589,1827.270391,6.233003691,1.0,0.885960744435368,28.818330962516733,43.12982939999999,0.00026105385738739505,1991910.808,,Cell3
207,1859.451258,7.197271372,1822.778284,6.232515751,0.9802775287374593,0.8659553640351467,28.758882697368417,43.06555744999999,0.0002610395914329308,1992019.667,,Cell3
208,1835.273916,7.107674726,1822.377434,6.232750674,0.9929729933567039,0.8769043202273294,28.67039759138381,42.80609225,0.00025598022235115555,1992325.7950000002,,Cell3
209,1836.536399,7.111749358,1821.883769,6.233140118,0.9920215956471222,0.8764566640679408,28.857982369649807,43.005226,0.00026601819694347333,1992329.871,,Cell3
210,1829.976483,7.085013577,1822.919276,6.23275423,0.9961435531737378,0.8797095675629077,29.133853483072915,43.2323561,0.00027105895279563234,1992171.7929999998,,Cell3
211,1815.333614,7.022444639000001,1827.882248,6.232717208,1.0,0.8875423771069475,29.502423580862537,43.71776754999999,0.00027616730950979433,1991535.497,,Cell3
212,1861.804496,7.202534878000001,1823.002783,6.232328139,0.9791590829846185,0.8652964886066046,29.50974890957447,43.52770459999998,0.0002761266958964743,1991824.797,,Cell3
213,1840.040425,7.124383981,1822.618355,6.231970133,0.9905316917154144,0.8747381036199092,29.42480685391766,43.50917,0.0002709919603201753,1992667.972,,Cell3
214,1843.811308,7.141653914000001,1823.068408,6.232509628,0.9887499876424448,0.8726983557383287,28.999803832266327,42.969734,0.0002608458907843894,1993498.9139999999,,Cell3
215,1819.398208,7.041629318,1827.707591,6.23256013,1.0,0.8851019911071099,29.104467601049873,43.397181549999985,0.0002709534699951019,1992947.3499999999,,Cell3
216,1825.101343,7.0563003669999995,1831.669697,6.231616678,1.0,0.8831280350739072,29.64224419134078,44.34001025,0.00028110714407790884,1992108.745,,Cell3
217,1853.315095,7.164138311,1829.675615,6.231598868,0.9872447593699657,0.8698322948946762,29.51835907448276,44.20475459999999,0.0002760067814636982,1992690.169,,Cell3
218,1860.459292,7.198602022999999,1825.812522,6.232202264,0.9813773028257153,0.8657517451426971,28.991344622841964,43.450812,0.0002708567060891519,1993659.333,,Cell3
219,1842.104706,7.132150506,1824.862416,6.232160369,0.9906398968832556,0.8738122342983545,28.903127708115186,43.432673900000005,0.0002758081496191397,1994125.2669999998,,Cell3
220,1831.918584,7.091365065,1824.693357,6.231518402,0.9960559235202344,0.8787473702004369,29.243540380697056,43.8076735,0.0002757939140703278,1994228.1970000002,,Cell3
221,1837.479887,7.117026801,1828.299897,6.232118939,0.9950040323897162,0.8756632668749171,29.221272264705885,43.819504699999996,0.00027577981966692665,1994333.7429999998,,Cell3
222,1865.416983,7.216453313,1822.215255,6.23198412,0.9768407126161561,0.8635799124167354,29.206650845253574,43.64797259999999,0.000270745060890261,1994481.444,,Cell3
223,1835.993429,7.1086836479999995,1822.441809,6.232308419,0.9926189169384003,0.8767176495121478,29.207527732394368,43.379833,0.00027570665446609847,1994859.3590000002,,Cell3
224,1829.62955,7.0826049630000005,1824.223633,6.232483559,0.997045348879504,0.8799705181298279,29.360325832480818,43.25404374999999,0.00027071944552920857,1994670.161,,Cell3
225,1838.5056,7.1156937099999995,1823.903637,6.231623581,0.9920577000146206,0.8757577033202573,29.662636502645505,44.044267,0.000280773555663481,1994475.5790000001,,Cell3
226,1842.73731,7.133726268999999,1822.94025,6.232366902,0.9892567107136937,0.873648170253335,29.300856800766287,43.52100209999999,0.0002706324407893232,1995311.421,,Cell3
227,1835.154593,7.105203189,1823.455141,6.23188916,0.9936248139286867,0.877088099274623,29.404782234437086,43.8948183,0.0002756468847574965,1995291.913,,Cell3
228,1836.570815,7.110419868,1823.972447,6.231699823,0.9931402764886036,0.8764179807503879,29.31306159427828,43.63377779999998,0.000275550741975431,1995988.093,,Cell3
229,1824.299753,7.059533893,1826.967307,6.231886697,1.0,0.8827617788164928,29.47349090545939,43.967372999999995,0.00028056471280381263,1995960.199,,Cell3
230,1826.297524,7.073057574,1829.944905,6.232151883,1.0,0.8811114313431998,29.441986354111403,44.119581849999996,0.00028560952040061305,1995717.787,,Cell3
231,1850.086067,7.151993959,1826.715383,6.231784042,0.9873677855225964,0.8713351937550203,29.447586697247708,43.8916645,0.000280656509992941,1995310.9230000002,,Cell3
232,1858.278362,7.18949041,1820.01223,6.231864804,0.9794077503228228,0.8668020191433845,29.376260753530172,43.64087449999999,0.00027561703986812874,1995507.9710000001,,Cell3
233,1833.529627,7.098097965999999,1819.353744,6.232047836,0.9922685279849041,0.8779884225114399,29.43397986462324,43.52967749999999,0.00028061481254452905,1995603.8490000002,,Cell3
234,1830.387791,7.085272512,1819.845621,6.231539336,0.9942404718541962,0.8795059506103581,29.71571404438642,44.010749000000004,0.0002906347352204369,1995618.313,,Cell3
235,1834.379803,7.105259898,1825.722983,6.231780913,0.9952807919135164,0.8770658642274481,29.65419124409449,43.741033599999994,0.0002806116242422996,1995626.5229999998,,Cell3
236,1862.662566,7.20520062,1821.037114,6.231737756,0.9776527145819067,0.8648944123362938,29.578157874677,43.80570099999997,0.0002856110688719376,1995706.9670000002,,Cell3
237,1818.779533,7.037751878,1825.267852,6.231128021,1.0,0.8853861473119697,29.896516106612683,44.547028,0.0002856112334514367,1995705.817,,Cell3
238,1852.483568,7.167692318,1823.197904,6.231701182,0.9841911342665146,0.8694152741950886,29.389198867438868,43.646393599999975,0.0002804681868248023,1996647.1290000002,,Cell3
239,1817.414692,7.031254223,1828.516149,6.231855501,1.0,0.8863078055995928,29.44798298421053,43.920842949999994,0.0002855391919961747,1996209.333,,Cell3
240,1844.615863,7.132998908999999,1827.688953,6.231610918,0.9908236124715578,0.87363127311534,29.43576317015707,43.974078000000006,0.00028558202881409265,1995909.9049999998,,Cell3
241,1826.984068,7.062780165,1831.384793,6.231706606,1.0,0.8823305356269715,29.439903285904258,44.16650779999998,0.0002806577261274488,1995302.2770000002,,Cell3
242,1839.14712,7.106251304,1837.015513,6.231596766,0.9988409807041428,0.8769175897976378,29.286287532520326,44.07778235,0.0002857814506998743,1994517.134,,Cell3
243,1848.870631,7.143241838,1837.759287,6.231418082,0.9939901993067032,0.872351548963475,29.155442226666665,44.0482094,0.000285852324985666,1994022.613,,Cell3
244,1848.514374,7.140611295,1837.209171,6.231229303,0.9938841681952753,0.8726464787914212,29.40013221845319,44.16847799999999,0.0002859605987087674,1993267.6130000001,,Cell3
245,1853.165188,7.158912942000001,1832.646846,6.230786361,0.9889279476363659,0.8703536991552369,29.678969311475406,44.513905799999975,0.00029103545831841966,1992870.571,,Cell3
246,1846.614486,7.150167928,1830.133718,6.231631643,0.991075144203109,0.8715364038650031,29.650160924380703,44.08330459999999,0.00029101608879321823,1993003.213,,Cell3
247,1839.43865,7.105756329,1830.858284,6.231756939,0.9953353345054481,0.8770012156998637,29.770750863103,44.15033869999998,0.00029113692734093505,1992179.437,,Cell3
248,1841.353548,7.112573643,1832.231296,6.230905481,0.9950458987032076,0.8760409092048257,30.00970469105691,44.61169769999999,0.00030632491098628187,1991336.578,,Cell3
249,1844.344566,7.124004773,1832.912535,6.231396552,0.99380157525294,0.8747041517458005,29.77426477303071,44.438194200000005,0.0002912650416694175,1991299.734,,Cell3
